Company PBID,Exit Date,Exit Size (millions),Pre Value (millions),Post Value (millions),Exit Type,Last VC Deal Type,Total VC Capital Raised ($M)***,Total Preferred Capital Raised ($M)*,% Preferred Capital Raised*,Total Preferred Capital Raised ($M) - Combination**,% Preferred Capital Raised - Combination**,MOIC,Industry Sector,Industry Group,Industry Code,Verticals,City,State,Country
82024-93,4/11/16,,,,Merger/Acquisition,Early Stage VC,,,,,,,Business Products and Services (B2B),Commercial Services,Media and Information Services (B2B),"SaaS, AdTech, Marketing Tech, TMT, CloudTech & DevOps",Wichita,Kansas,United States
155748-70,11/15/17,,,,Merger/Acquisition,Early Stage VC,,,,,,,Information Technology,Software,Other Software,"3D Printing, TMT, CloudTech & DevOps",Park City,Utah,United States
160695-55,1/13/17,,,,Merger/Acquisition,Early Stage VC,$0.70,,,,,,Information Technology,Software,Software Development Applications,"SaaS, TMT, CloudTech & DevOps",Tel Aviv,,Israel
81857-08,3/18/19,$166.00,,$166.00,Merger/Acquisition,Early Stage VC,$10.10,,,,,16.44x,Information Technology,Software,Business/Productivity Software,"SaaS, CloudTech & DevOps",Georgetown,Texas,United States
168816-52,8/16/17,,,,Merger/Acquisition,Seed Round,$2.00,,,,,,Information Technology,Software,Application Software,"Mobile, Artificial Intelligence & Machine Learning, TMT, CloudTech & DevOps",Minsk,,Belarus
62510-23,4/1/15,,,,Merger/Acquisition,Seed Round,$1.15,,,,,,Business Products and Services (B2B),Commercial Services,Media and Information Services (B2B),"SaaS, Mobile, Marketing Tech, TMT, CloudTech & DevOps",San Francisco,California,United States
40452-67,11/30/16,,,,Buyout/LBO,Series H,$68.24,$26.23,38%,$26.23,38%,,Information Technology,Software,Business/Productivity Software,"SaaS, Cybersecurity, TMT, CloudTech & DevOps",Minneapolis,Minnesota,United States
179890-84,8/23/18,$14.10,,$14.10,Merger/Acquisition,Early Stage VC,,,,,,,Information Technology,Software,Application Software,"Mobile, LOHAS & Wellness, Big Data, Internet of Things, TMT, Industrials, CloudTech & DevOps",Kitchener,Ontario,Canada
95679-28,1/23/19,$106.10,,$106.10,Merger/Acquisition,Series B,$1.94,,,,,54.69x,Information Technology,Software,Multimedia and Design Software,"TMT, SaaS, CloudTech & DevOps",Clermont-Ferrand,,France
56703-97,12/16/16,$22.67,,$22.67,Merger/Acquisition,Seed Round,$0.64,,,,,35.26x,Information Technology,Other Information Technology,Other Information Technology,"TMT, CloudTech & DevOps",Warwick,England,United Kingdom
119612-71,7/13/15,,,,Merger/Acquisition,,,,,,,,Information Technology,Communications and Networking,Telecommunications Service Providers,"SaaS, TMT, CloudTech & DevOps",Dublin,,Ireland
62307-28,5/10/19,$16.00,,$16.00,Merger/Acquisition,Early Stage VC,$3.75,,,,,,Information Technology,Software,Database Software,"SaaS, Mobile, Big Data, TMT, CloudTech & DevOps",Seattle,Washington,United States
58412-62,10/16/15,$126.30,,$126.30,Merger/Acquisition,Series A,$7.00,$7.00,100%,$7.00,100%,18.04x,Information Technology,IT Services,Systems and Information Management,"SaaS, TMT, CloudTech & DevOps",Santa Barbara,California,United States
59251-15,6/23/20,,,,Merger/Acquisition,Later Stage VC,$9.84,$2.87,29%,$2.87,29%,,Information Technology,Software,Business/Productivity Software,"SaaS, Mobile, TMT, CloudTech & DevOps",Seattle,Washington,United States
57378-16,2/22/17,,,,Merger/Acquisition,Early Stage VC,$8.55,,,,,,Information Technology,Software,Software Development Applications,"SaaS, TMT, CloudTech & DevOps",San Francisco,California,United States
53557-21,4/24/15,$407.53,$407.53,$494.49,IPO,Series H,$182.15,$115.59,63%,$182.15,100%,2.24x,Information Technology,Software,Software Development Applications,"TMT, CloudTech & DevOps",San Jose,California,United States
157322-08,12/23/19,$144.10,,$144.10,Merger/Acquisition,Series B,$37.80,,,,,3.81x,Information Technology,Software,Network Management Software,"Cybersecurity, CloudTech & DevOps",San Jose,California,United States
82160-38,7/26/16,$6.50,,$6.50,Merger/Acquisition,Series A,$7.60,$7.95,105%,$7.95,105%,,Information Technology,Software,Software Development Applications,"TMT, CloudTech & DevOps",Santa Clara,California,United States
56251-81,8/17/15,,,,Merger/Acquisition,Later Stage VC,$12.00,,,,,,Information Technology,Software,Network Management Software,"SaaS, TMT, CloudTech & DevOps",Des Moines,Iowa,United States
52228-63,1/24/17,"$3,258.00",,"$3,258.00",Merger/Acquisition,Series F,$364.50,$364.50,100%,$364.50,100%,8.94x,Information Technology,Software,Business/Productivity Software,"SaaS, TMT, CloudTech & DevOps",San Francisco,California,United States
51725-08,1/11/17,,,,Buyout/LBO,Series C,$40.63,$34.25,84%,$34.25,84%,,Information Technology,Software,Network Management Software,"SaaS, Mobile, Cybersecurity, TMT, CloudTech & DevOps",Boston,Massachusetts,United States
51540-76,8/18/16,,,,Merger/Acquisition,Later Stage VC,$21.03,$14.20,68%,$15.20,72%,,Information Technology,Software,Network Management Software,"SaaS, TMT, CloudTech & DevOps",Bloomington,Minnesota,United States
62429-23,12/6/16,$47.90,,$47.90,Merger/Acquisition,Series A,$7.00,,,,,,Information Technology,Software,Automation/Workflow Software,"SaaS, TMT, CloudTech & DevOps",San Jose,California,United States
54391-69,5/25/17,$629.26,$629.26,$704.26,IPO,Series B,$47.50,$47.50,100%,$47.50,100%,,Information Technology,Software,Business/Productivity Software,"Mobile, TMT, Artificial Intelligence & Machine Learning, CloudTech & DevOps",McLean,Virginia,United States
119461-06,1/22/18,,,,Merger/Acquisition,Series A,$15.70,$15.70,100%,$15.70,100%,,Information Technology,IT Services,Systems and Information Management,"TMT, CloudTech & DevOps",Sunnyvale,California,United States
50982-85,8/23/17,,,,Buyout/LBO,Series F,$115.46,$115.45,100%,$115.45,100%,,Information Technology,Software,Software Development Applications,"Mobile, Artificial Intelligence & Machine Learning, TMT, Industrials, CloudTech & DevOps",Framingham,Massachusetts,United States
54517-60,3/1/15,,,,Merger/Acquisition,Early Stage VC,$7.40,,,,,,Information Technology,Software,Software Development Applications,"SaaS, Mobile, TMT, CloudTech & DevOps",San Francisco,California,United States
97276-60,1/14/20,,,,Merger/Acquisition,Later Stage VC,$17.02,$15.00,88%,$15.00,88%,,Information Technology,Software,Software Development Applications,"Mobile, TMT, CloudTech & DevOps",Seattle,Washington,United States
59149-27,6/8/17,,,,Buyout/LBO,Series B,,,,,,,Information Technology,Software,Software Development Applications,"Mobile, TMT, CloudTech & DevOps",London,England,United Kingdom
53614-09,7/1/15,,,,Merger/Acquisition,Later Stage VC,$8.73,$4.00,46%,$4.00,46%,,Information Technology,Software,Application Software,"Mobile, TMT, CloudTech & DevOps",Reston,Virginia,United States
52373-44,5/16/17,,,,Merger/Acquisition,Series C1,$58.32,$49.12,84%,$49.12,84%,,Information Technology,Software,Software Development Applications,"SaaS, Mobile, TMT, CloudTech & DevOps",San Francisco,California,United States
109200-25,3/5/19,$32.66,,$32.66,Merger/Acquisition,Series A,$1.52,$1.13,74%,$1.13,74%,21.44x,Information Technology,Software,Automation/Workflow Software,"TMT, CloudTech & DevOps",Grenoble,,France
99400-96,6/21/16,$67.00,,$67.00,Merger/Acquisition,Series B,$22.00,$22.00,100%,$22.00,100%,3.05x,Information Technology,Software,Database Software,"SaaS, TMT, CloudTech & DevOps",Santa Clara,California,United States
55578-34,4/5/16,,,,Merger/Acquisition,Series A,$2.25,$2.25,100%,$2.25,100%,,Information Technology,Software,Application Software,"TMT, CloudTech & DevOps",San Diego,California,United States
53371-99,9/30/20,"$4,100.00","$4,100.00","$4,100.00",IPO,Later Stage VC,$413.51,$212.31,51%,$212.31,51%,9.92x,Information Technology,Software,Business/Productivity Software,"SaaS, TMT, CloudTech & DevOps",San Francisco,California,United States
45245-62,12/10/15,"$3,920.18","$3,920.18","$4,382.18",IPO,Later Stage VC,$60.00,,,,,65.34x,Information Technology,Software,Business/Productivity Software,"SaaS, TMT, CloudTech & DevOps",Sydney,New South Wales,Australia
95732-47,2/25/19,,,,Merger/Acquisition,Seed Round,$2.11,$0.61,29%,$0.61,29%,,Information Technology,Software,Multimedia and Design Software,"SaaS, TMT, CloudTech & DevOps",Hoboken,New Jersey,United States
87599-53,9/13/16,$20.00,,$20.00,Merger/Acquisition,Seed Round,$2.16,,,,,9.25x,Information Technology,Software,Social/Platform Software,"Mobile, AdTech, TMT, CloudTech & DevOps",London,England,United Kingdom
61205-23,9/1/18,$0.15,,$0.15,Merger/Acquisition,Seed Round,$0.41,,,,,0.37x,Information Technology,Software,Software Development Applications,"Mobile, TMT, CloudTech & DevOps",Rome,,Italy
226116-19,9/20/17,$239.69,,$239.69,Merger/Acquisition,Series C1,$105.73,,,,,2.27x,Information Technology,Software,Educational Software,"EdTech, Mobile, TMT, CloudTech & DevOps",Beijing,,China
52107-85,2/5/20,$73.30,,$73.30,Merger/Acquisition,Series C,$123.50,$92.80,75%,$92.80,75%,,Information Technology,IT Services,Systems and Information Management,"TMT, CloudTech & DevOps",Santa Clara,California,United States
54034-75,8/29/19,,,,Buyout/LBO,Series B,$7.90,,,,,,Information Technology,Software,Software Development Applications,"Mobile, SaaS, TMT, Artificial Intelligence & Machine Learning, CloudTech & DevOps",Helsinki,,Finland
56422-36,9/18/19,,,,Merger/Acquisition,Series AA,$1.17,$1.17,100%,$1.17,100%,,Information Technology,Software,Software Development Applications,"SaaS, TMT, CloudTech & DevOps",San Francisco,California,United States
42487-66,12/11/17,$548.00,,$548.00,Merger/Acquisition,Series B,$76.21,$20.00,26%,$20.00,26%,,Information Technology,Software,Network Management Software,"Cybersecurity, TMT, CloudTech & DevOps",Burlington,Massachusetts,United States
53454-61,10/12/16,$100.00,,$100.00,Merger/Acquisition,Series A,$7.70,,,,,12.99x,Information Technology,Software,Application Software,"SaaS, CloudTech & DevOps",Tel Aviv,,Israel
65026-36,3/18/16,$38.89,$38.89,$68.80,IPO,Early Stage VC,$1.64,$1.64,100%,$1.64,100%,23.78x,Information Technology,Software,Automation/Workflow Software,"SaaS, TMT, Robotics and Drones, CloudTech & DevOps",Warrington,England,United Kingdom
52331-23,5/15/20,$396.00,,$396.00,Merger/Acquisition,Later Stage VC,$175.15,$175.15,100%,$175.15,100%,,Information Technology,Software,Communication Software,SaaS,San Jose,California,United States
82743-22,3/15/18,,,,Buyout/LBO,Early Stage VC,$1.47,,,,,,Information Technology,Software,Network Management Software,"Cybersecurity, SaaS, TMT, CloudTech & DevOps",Indianapolis,Indiana,United States
83143-45,6/20/18,,,,Merger/Acquisition,Series A2,$13.62,$13.62,100%,$13.62,100%,,Information Technology,Software,Software Development Applications,"Artificial Intelligence & Machine Learning, Advanced Manufacturing, Big Data, TMT, CloudTech & DevOps",Berkeley,California,United States
436384-99,12/28/18,,,$43.50,Merger/Acquisition,Early Stage VC,,,,,,,Information Technology,Software,Software Development Applications,"Big Data, Artificial Intelligence & Machine Learning, CloudTech & DevOps",Shanghai,,China
42902-74,1/23/15,"$1,455.23","$1,455.23","$1,630.23",IPO,Series F,$538.61,$483.35,90%,$531.15,99%,2.70x,Information Technology,Computer Hardware,Storage (IT),"SaaS, CloudTech & DevOps",Redwood City,California,United States
55241-20,4/4/18,$19.43,$19.43,$23.01,IPO,Series B,$5.10,,,,,3.81x,Information Technology,Software,Business/Productivity Software,"SaaS, Internet of Things, E-Commerce, TMT, CloudTech & DevOps",Tokyo,,Japan
60187-60,6/19/15,,,,Merger/Acquisition,Series A,$1.00,,,,,,Information Technology,Software,Software Development Applications,"SaaS, TMT, CloudTech & DevOps",Lausanne,,Switzerland
56461-51,8/29/16,,,,Merger/Acquisition,Series A,$4.00,,,,,,Information Technology,Software,Social/Platform Software,"TMT, CloudTech & DevOps",Bangalore,,India
185110-48,7/20/20,"$3,290.79","$3,290.79","$3,657.35",IPO,Series B,$100.00,,,,,,Information Technology,Semiconductors,General Purpose Semiconductors,"Manufacturing, Artificial Intelligence & Machine Learning, TMT, Mobility Tech, CloudTech & DevOps",Beijing,,China
117568-81,9/17/19,,,,Merger/Acquisition,Seed Round,$1.20,,,,,,Information Technology,Software,Software Development Applications,"SaaS, TMT, CloudTech & DevOps",Wilmington,Delaware,United States
266239-18,5/31/19,,,,Merger/Acquisition,,,,,,,,Information Technology,IT Services,Systems and Information Management,"SaaS, CloudTech & DevOps",Barcelona,,Spain
230857-93,4/19/20,$4.00,,$4.00,Merger/Acquisition,Early Stage VC,$0.69,$0.44,64%,$0.44,64%,5.81x,Information Technology,IT Services,IT Consulting and Outsourcing,"TMT, CloudTech & DevOps",Seattle,Washington,United States
53713-36,5/14/18,,,,Merger/Acquisition,Early Stage VC,$40.03,$37.53,94%,$37.53,94%,,Information Technology,Software,Database Software,"Big Data, TMT, CloudTech & DevOps",Palo Alto,California,United States
55341-64,5/5/17,$5.00,,$5.00,Merger/Acquisition,Later Stage VC,$7.30,$6.50,89%,$6.50,89%,0.68x,Information Technology,Software,Business/Productivity Software,"SaaS, Mobile, TMT, CloudTech & DevOps",Alpharetta,Georgia,United States
83094-76,7/22/15,,,,IPO,Early Stage VC,,,,,,,Information Technology,Software,Other Software,"TMT, CloudTech & DevOps",Santa Clara,California,United States
58783-96,6/25/15,$84.00,$36.00,$120.00,Buyout/LBO,Later Stage VC,$8.00,,,,,,Information Technology,Software,Software Development Applications,"TMT, CloudTech & DevOps",Ramat Gan,,Israel
57138-13,10/24/16,,,,Merger/Acquisition,Early Stage VC,,,,,,,Information Technology,Software,Application Software,"SaaS, TMT, CloudTech & DevOps",Grâce-Hollogne,,Belgium
120199-33,11/17/16,,,,Merger/Acquisition,Later Stage VC,$17.43,$17.43,100%,$17.43,100%,,Information Technology,Software,Business/Productivity Software,"AdTech, TMT, CloudTech & DevOps",Philadelphia,Pennsylvania,United States
58113-82,2/6/17,,,,Buyout/LBO,Early Stage VC,$11.22,,,,,,Information Technology,Software,Software Development Applications,"SaaS, Artificial Intelligence & Machine Learning, TMT, Big Data, CloudTech & DevOps",San Diego,California,United States
56816-47,11/25/18,,,,Buyout/LBO,Later Stage VC,$10.85,$2.36,22%,$6.43,59%,,Healthcare,Healthcare Technology Systems,Enterprise Systems (Healthcare),"SaaS, HealthTech, TMT, CloudTech & DevOps",Seattle,Washington,United States
52613-92,1/17/19,$24.00,,$30.00,Buyout/LBO,Later Stage VC,$30.64,$22.40,73%,$25.36,83%,0.98x,Information Technology,Computer Hardware,"Computers, Parts and Peripherals","SaaS, Internet of Things, TMT, CloudTech & DevOps",Fishers,Indiana,United States
171406-27,10/21/19,$70.00,,$70.00,Merger/Acquisition,Series A,$2.80,,,,,25.00x,Information Technology,Software,Network Management Software,"Cybersecurity, SaaS, TMT, CloudTech & DevOps",Sydney,New South Wales,Australia
54622-27,1/27/17,,,,Merger/Acquisition,Later Stage VC,$19.88,$18.44,93%,$18.44,93%,,Information Technology,Software,Business/Productivity Software,"SaaS, Big Data, TMT, CloudTech & DevOps",Roseville,California,United States
65404-09,10/15/18,$125.13,,$125.13,Merger/Acquisition,Later Stage VC,$16.00,$14.00,87%,$14.00,87%,,Information Technology,Software,Financial Software,"SaaS, FinTech, TMT, CloudTech & DevOps",San Mateo,California,United States
52301-35,7/14/16,,,,Merger/Acquisition,Early Stage VC,$7.36,$7.36,100%,$7.36,100%,,Information Technology,Software,Software Development Applications,"SaaS, TMT, CloudTech & DevOps",San Francisco,California,United States
53527-87,5/31/19,,,,Buyout/LBO,Series B,$33.97,$32.74,96%,$32.74,96%,,Information Technology,Software,Business/Productivity Software,"FinTech, Big Data, Artificial Intelligence & Machine Learning, TMT, CloudTech & DevOps",Portland,Oregon,United States
58972-60,8/3/17,,,,Buyout/LBO,Early Stage VC,$3.70,,,,,,Information Technology,Software,Automation/Workflow Software,"SaaS, TMT, CloudTech & DevOps",Philadelphia,Pennsylvania,United States
118306-09,2/14/18,,,,Merger/Acquisition,Seed Round,$2.90,$2.90,100%,$2.90,100%,,Information Technology,Software,Application Software,"SaaS, TMT, CloudTech & DevOps",Austin,Texas,United States
52368-49,9/13/19,"$3,875.16","$3,875.16","$4,400.16",IPO,Series E,$404.30,$72.30,18%,$72.30,18%,9.58x,Information Technology,Software,Network Management Software,"Cybersecurity, TMT, CloudTech & DevOps",San Francisco,California,United States
58417-57,4/21/20,$402.70,,$402.70,Merger/Acquisition,Series C,$99.34,$99.33,100%,$99.33,100%,4.05x,Information Technology,Software,Network Management Software,"SaaS, TMT, CloudTech & DevOps",San Jose,California,United States
56325-52,10/4/18,$495.00,,$495.00,Merger/Acquisition,Series D,$85.75,$85.75,100%,$85.75,100%,5.77x,Information Technology,Software,Business/Productivity Software,"SaaS, TMT, CloudTech & DevOps",Boston,Massachusetts,United States
57653-92,4/16/15,,,,Merger/Acquisition,Series A,$6.10,,,,,,Information Technology,Software,Network Management Software,"TMT, CloudTech & DevOps",Ottawa,Ontario,Canada
85099-96,6/26/17,,,,Merger/Acquisition,Series A,$3.40,,,,,,Information Technology,Software,Automation/Workflow Software,"TMT, CloudTech & DevOps",Bellevue,Washington,United States
167097-61,11/18/19,,,,Merger/Acquisition,Series B,$35.75,$35.75,100%,$35.75,100%,,Information Technology,IT Services,Systems and Information Management,"SaaS, TMT, CloudTech & DevOps",Santa Clara,California,United States
55465-66,7/20/17,$60.00,,$60.00,Merger/Acquisition,Corporate,$20.50,,,,,2.93x,Information Technology,Software,Business/Productivity Software,"SaaS, TMT, CloudTech & DevOps",Rosh Ha'Ayin,,Israel
63922-60,4/9/15,,,,Merger/Acquisition,Seed Round,$0.15,$0.15,100%,$0.15,100%,,Information Technology,Software,Software Development Applications,"SaaS, TMT, CloudTech & DevOps",Oro Valley,Arizona,United States
56202-04,6/1/17,,,,Merger/Acquisition,Series A,$9.00,,,,,,Information Technology,IT Services,Systems and Information Management,"SaaS, TMT, CloudTech & DevOps",San Francisco,California,United States
61318-63,2/6/18,,,,Merger/Acquisition,Series A,$11.10,$3.20,29%,$3.20,29%,,Information Technology,Software,Application Software,"SaaS, TMT, CloudTech & DevOps",Boston,Massachusetts,United States
56225-80,3/2/16,,,,Merger/Acquisition,Later Stage VC,,,,,,,Information Technology,Software,Financial Software,"SaaS, FinTech, TMT, CloudTech & DevOps",New York,New York,United States
109090-27,10/17/19,,,,Merger/Acquisition,Series B1,$25.77,,,,,,Information Technology,Software,Software Development Applications,"SaaS, TMT, CloudTech & DevOps",Shenzhen,,China
54130-87,2/1/20,,,$2.25,Buyout/LBO,Series A,$5.00,,,,,0.45x,Information Technology,Software,Business/Productivity Software,"SaaS, Mobile, TMT, CloudTech & DevOps",Vancouver,British Columbia,Canada
59202-01,5/11/17,$42.00,,$42.00,Merger/Acquisition,Series A1,$7.23,$7.23,100%,$7.23,100%,5.81x,Information Technology,Software,Business/Productivity Software,"Cybersecurity, TMT, CloudTech & DevOps",Newton,Massachusetts,United States
182701-09,11/19/18,,,,Merger/Acquisition,Later Stage VC,$0.67,,,,,,Information Technology,Software,Business/Productivity Software,"TMT, CloudTech & DevOps",Orsay,,France
149720-14,10/31/19,$240.00,,$240.00,Merger/Acquisition,Series B,$59.15,$59.15,100%,$59.15,100%,4.06x,Information Technology,IT Services,IT Consulting and Outsourcing,"Industrials, CloudTech & DevOps",London,England,United Kingdom
158673-70,1/16/18,,,,Merger/Acquisition,Early Stage VC,,,,,,,Information Technology,Software,Business/Productivity Software,"SaaS, TMT, CloudTech & DevOps",San Francisco,California,United States
53821-45,8/26/19,,,,Merger/Acquisition,Series B1,$17.99,$10.82,60%,$10.82,60%,,Information Technology,Software,Business/Productivity Software,"SaaS, HR Tech, TMT, Mobile, CloudTech & DevOps",New York,New York,United States
97205-59,7/25/16,,,,Merger/Acquisition,Early Stage VC,$2.35,$2.35,100%,$2.35,100%,,Information Technology,Software,Business/Productivity Software,"TMT, CloudTech & DevOps",San Mateo,California,United States
58574-71,1/30/18,$250.00,,$250.00,Merger/Acquisition,Series B,$52.99,$47.99,91%,$47.99,91%,4.72x,Information Technology,IT Services,Systems and Information Management,"SaaS, Cybersecurity, TMT, CloudTech & DevOps",San Francisco,California,United States
226207-72,2/27/19,,,,Buyout/LBO,Later Stage VC,,,,,,,Information Technology,Software,Business/Productivity Software,"SaaS, Mobile, Marketing Tech, CloudTech & DevOps",Rochelle Park,New Jersey,United States
62005-87,10/9/18,$6.30,,$6.30,Merger/Acquisition,Early Stage VC,$6.38,$2.07,32%,$2.07,32%,0.99x,Information Technology,Software,Business/Productivity Software,"SaaS, CloudTech & DevOps",Gent,,Belgium
58437-73,5/17/18,,,,Merger/Acquisition,Early Stage VC,$2.43,$0.81,33%,$0.81,33%,,Information Technology,Software,Business/Productivity Software,"TMT, CloudTech & DevOps",Bagnols-sur-Cèze,,France
185291-29,12/1/18,,,,Merger/Acquisition,Early Stage VC,,,,,,,Information Technology,Software,Software Development Applications,"Big Data, Artificial Intelligence & Machine Learning, TMT, Marketing Tech, CloudTech & DevOps",London,England,United Kingdom
53904-79,9/19/19,"$7,177.54","$7,177.54","$7,825.54",IPO,Series D,$147.94,$146.74,99%,$146.74,99%,48.52x,Information Technology,Software,Network Management Software,"SaaS, Big Data, Artificial Intelligence & Machine Learning, CloudTech & DevOps",New York,New York,United States
179699-95,2/20/20,,,,Merger/Acquisition,Early Stage VC,$1.35,,,,,,Information Technology,Software,Database Software,"SaaS, CloudTech & DevOps",San Francisco,California,United States
186604-21,9/23/20,,,,Merger/Acquisition,Seed Round,$5.09,$3.98,78%,$3.98,78%,,Information Technology,Software,Business/Productivity Software,"Artificial Intelligence & Machine Learning, TMT",Zürich,,Switzerland
166390-03,7/16/20,,,,Merger/Acquisition,Early Stage VC,,,,,,,Information Technology,Software,Business/Productivity Software,"SaaS, TMT, CloudTech & DevOps",Copenhagen,,Denmark
101212-21,9/20/17,,,,Merger/Acquisition,Series A,$2.80,$2.80,100%,$2.80,100%,,Information Technology,Software,Software Development Applications,"TMT, CloudTech & DevOps",Seattle,Washington,United States
54071-56,10/24/18,$179.00,,$179.00,Merger/Acquisition,Series C,$29.30,,,,,6.11x,Information Technology,Software,Network Management Software,"SaaS, Cybersecurity, TMT, CloudTech & DevOps",Tel Aviv,,Israel
64690-12,4/29/16,$6.93,,$6.93,Merger/Acquisition,Early Stage VC,,,,,,,Information Technology,IT Services,Systems and Information Management,"TMT, CloudTech & DevOps",London,England,United Kingdom
55020-79,12/22/16,,,,Merger/Acquisition,Series B,$14.90,$14.90,100%,$14.90,100%,,Information Technology,Software,Software Development Applications,"SaaS, Big Data, TMT, CloudTech & DevOps",San Francisco,California,United States
51145-39,3/23/18,"$7,473.96","$7,473.96","$8,229.96",IPO,Later Stage VC,$607.25,$607.25,100%,$607.25,100%,,Information Technology,Software,Database Software,"SaaS, Mobile, TMT, CloudTech & DevOps",San Francisco,California,United States
64328-41,6/2/16,,,,Merger/Acquisition,Series A,$2.63,,,,,,Consumer Products and Services (B2C),Media,Publishing,"SaaS, TMT, CloudTech & DevOps",Voiron,,France
57328-66,1/13/16,,,,Buyout/LBO,Later Stage VC,$4.22,$2.00,47%,$2.00,47%,,Information Technology,Software,Software Development Applications,"SaaS, TMT, Artificial Intelligence & Machine Learning, CloudTech & DevOps",London,England,United Kingdom
61080-94,7/1/19,$200.00,,$200.00,Merger/Acquisition,Series C,$74.00,,,,,2.70x,Information Technology,Computer Hardware,Storage (IT),"SaaS, TMT, CloudTech & DevOps",Santa Clara,California,United States
53614-99,4/18/19,,,,Merger/Acquisition,Series E,$42.64,$33.53,79%,$33.53,79%,,Information Technology,Software,Software Development Applications,"SaaS, Mobile, TMT, CloudTech & DevOps",San Jose,California,United States
54610-75,12/3/19,,,,Merger/Acquisition,Later Stage VC,$32.50,,,,,,Information Technology,Software,Business/Productivity Software,"SaaS, CloudTech & DevOps",Kanata,Ontario,Canada
52702-12,4/13/15,,,,Merger/Acquisition,Series C,$41.17,$41.17,100%,$41.17,100%,,Information Technology,Software,Network Management Software,"SaaS, TMT, CloudTech & DevOps",Santa Clara,California,United States
51331-33,4/25/17,,,,Merger/Acquisition,Later Stage VC,$91.39,$57.30,63%,$57.30,63%,,Information Technology,Software,Business/Productivity Software,"TMT, CloudTech & DevOps",San Francisco,California,United States
154722-07,7/28/16,,,,IPO,Early Stage VC,,,,,,,Information Technology,IT Services,IT Consulting and Outsourcing,"TMT, CloudTech & DevOps",Seoul,,South Korea
58918-87,3/26/18,$292.90,,$292.90,Merger/Acquisition,Series C,$49.05,$47.55,97%,$47.55,97%,5.97x,Information Technology,Software,Network Management Software,"SaaS, Cybersecurity, TMT, CloudTech & DevOps",Pleasanton,California,United States
118150-93,8/25/17,,,,Merger/Acquisition,Early Stage VC,,,,,,,Information Technology,Software,Software Development Applications,"SaaS, TMT, CloudTech & DevOps",Crissier,,Switzerland
58357-00,4/1/15,,,,Merger/Acquisition,,,,,,,,Information Technology,IT Services,Systems and Information Management,"SaaS, TMT, CloudTech & DevOps",Santa Clara,California,United States
58038-76,3/24/15,,,,Merger/Acquisition,Series A,$21.55,$21.55,100%,$21.55,100%,,Information Technology,Software,Database Software,"SaaS, Big Data, TMT, CloudTech & DevOps",Tysons,Virginia,United States
65714-05,5/12/15,,,$40.61,IPO,Later Stage VC,$3.09,,,,,,Information Technology,Software,Business/Productivity Software,"TMT, CloudTech & DevOps, SaaS",Fremont,California,United States
54387-73,11/16/16,$28.97,$28.97,$42.17,IPO,Series B,$6.72,$6.72,100%,$6.72,100%,,Information Technology,Software,Business/Productivity Software,"FinTech, TMT, CloudTech & DevOps",Edinburgh,Scotland,United Kingdom
168526-27,11/19/18,$69.50,,$69.50,Merger/Acquisition,Series A1,$3.75,$3.75,100%,$3.75,100%,18.53x,Information Technology,Software,Multimedia and Design Software,"SaaS, 3D Printing, TMT, Artificial Intelligence & Machine Learning, CloudTech & DevOps",Boulder,Colorado,United States
109527-49,1/1/19,,,,Merger/Acquisition,Early Stage VC,$0.34,,,,,,Information Technology,Software,Business/Productivity Software,"TMT, CloudTech & DevOps",San Francisco,California,United States
60650-56,12/5/16,,,,Merger/Acquisition,Series C,$25.09,$11.70,47%,$11.70,47%,,Business Products and Services (B2B),Commercial Services,Media and Information Services (B2B),"TMT, CloudTech & DevOps",Los Angeles,California,United States
54525-52,10/25/18,"$7,500.00",,"$7,500.00",Merger/Acquisition,Series B,$350.50,$350.50,100%,$350.50,100%,21.40x,Information Technology,Software,Software Development Applications,"SaaS, TMT, CloudTech & DevOps",San Francisco,California,United States
178479-19,10/25/18,,,,Buyout/LBO,Seed Round,$0.56,,,$0.56,100%,,Information Technology,Software,Application Software,"SaaS, CloudTech & DevOps",Austin,Texas,United States
101628-55,5/9/19,$163.80,,$163.80,Merger/Acquisition,Series A,$13.22,$13.02,98%,$13.02,98%,12.39x,Information Technology,Software,Business/Productivity Software,"SaaS, Big Data, TMT, CloudTech & DevOps",Durango,Colorado,United States
113253-04,1/30/19,$29.00,,,Buyout/LBO,Seed Round,$0.50,,,,,58.00x,Information Technology,Software,Network Management Software,"TMT, CloudTech & DevOps",Leuven,,Belgium
88442-11,7/9/15,,,,Merger/Acquisition,Early Stage VC,$0.40,,,,,,Information Technology,Software,Educational Software,"EdTech, TMT, CloudTech & DevOps",San Francisco,California,United States
61260-22,8/1/17,,,,Buyout/LBO,Series A,$10.00,,,,,,Information Technology,Software,Business/Productivity Software,"SaaS, TMT, CloudTech & DevOps",Uppsala,,Sweden
57643-21,10/1/19,$163.21,,$163.21,Merger/Acquisition,Later Stage VC,$57.24,$54.74,96%,$54.74,96%,,Information Technology,Software,Database Software,"SaaS, TMT, CloudTech & DevOps",Santa Clara,California,United States
85196-71,3/5/20,,,,Buyout/LBO,,,,,,,,Information Technology,Software,Network Management Software,"Cybersecurity, CloudTech & DevOps",Copenhagen,,Denmark
55541-89,10/8/19,$200.09,$200.09,$200.74,IPO,Later Stage VC,,,,,,,Information Technology,Software,Business/Productivity Software,"TMT, CloudTech & DevOps",Tokyo,,Japan
168265-18,12/11/18,$550.00,,$550.00,Merger/Acquisition,Series B,$33.50,$33.50,100%,$33.50,100%,16.42x,Information Technology,Software,Business/Productivity Software,"TMT, CloudTech & DevOps",Seattle,Washington,United States
65050-30,8/2/18,,,,Merger/Acquisition,Series A1,$5.87,$4.90,84%,$4.90,84%,,Information Technology,Software,Application Software,"Mobile, SaaS, TMT, CloudTech & DevOps",Vienna,Virginia,United States
60686-38,3/7/15,,,,Merger/Acquisition,Series 2,$3.25,$1.75,54%,$1.75,54%,,Information Technology,Software,Business/Productivity Software,"Mobile, TMT, CloudTech & DevOps",San Francisco,California,United States
52805-08,8/6/17,$89.00,,,Buyout/LBO,Series D,$90.66,$80.46,89%,$80.46,89%,0.98x,Information Technology,Software,Business/Productivity Software,"SaaS, TMT, CloudTech & DevOps",London,England,United Kingdom
435379-42,2/4/16,,,,IPO,Later Stage VC,$2.09,,,,,,Information Technology,Software,Database Software,"Big Data, Marketing Tech, CloudTech & DevOps",Shenzhen,,China
167419-99,7/24/19,,,,Merger/Acquisition,Later Stage VC,,,,,,,Healthcare,Healthcare Devices and Supplies,Monitoring Equipment,"Mobile, TMT, CloudTech & DevOps",Frankfurt,,Germany
60263-11,11/14/17,,,,Merger/Acquisition,Series 2,$20.39,$6.60,32%,$6.60,32%,,Information Technology,Software,Network Management Software,"Mobile, Cybersecurity, TMT, CloudTech & DevOps",Austin,Texas,United States
130301-20,12/19/18,,,,Merger/Acquisition,Early Stage VC,$0.40,,,,,,Information Technology,Communications and Networking,Wireless Communications Equipment,"Mobile, TMT, CloudTech & DevOps",Rochester,New York,United States
85049-29,12/22/17,$12.88,,$12.88,Merger/Acquisition,Early Stage VC,,,,,,,Information Technology,Software,Software Development Applications,"TMT, CloudTech & DevOps",Tokyo,,Japan
60348-25,2/13/18,,,,Merger/Acquisition,Later Stage VC,$0.18,,,,,,Information Technology,Software,Automation/Workflow Software,"SaaS, TMT, CloudTech & DevOps",Allentown,Pennsylvania,United States
54760-15,4/11/17,$8.70,,$8.70,Merger/Acquisition,Later Stage VC,,,,,,,Information Technology,Software,Software Development Applications,"TMT, CloudTech & DevOps",Osasco,,Brazil
162822-61,7/8/16,,,,IPO,Early Stage VC,,,,,,,Information Technology,Software,Network Management Software,"Mobile, TMT, CloudTech & DevOps",Seoul,,South Korea
154046-71,12/16/17,,,,Merger/Acquisition,Early Stage VC,,,,,,,Information Technology,Software,Software Development Applications,"SaaS, Big Data, Artificial Intelligence & Machine Learning, TMT, CloudTech & DevOps",New York,New York,United States
107250-22,9/7/17,,,,Merger/Acquisition,Series A,$15.00,,,,,,Consumer Products and Services (B2C),Media,Information Services (B2C),"Mobile, Marketing Tech, TMT, CloudTech & DevOps",Yakum,,Israel
54352-99,9/29/15,,,,Merger/Acquisition,Series DD,$37.86,$15.04,40%,$15.04,40%,,Information Technology,Software,Business/Productivity Software,"SaaS, TMT, CloudTech & DevOps",Palo Alto,California,United States
53349-40,2/23/16,,,,Buyout/LBO,Series C,$7.09,$4.09,58%,$4.09,58%,,Information Technology,Software,Business/Productivity Software,"SaaS, Big Data, CloudTech & DevOps",Philadelphia,Pennsylvania,United States
439262-29,6/4/18,,,,Merger/Acquisition,Series B,$9.93,,,,,,Information Technology,Software,Database Software,"Big Data, CloudTech & DevOps",Beijing,,China
40652-38,7/8/15,$6.00,,$6.00,Merger/Acquisition,Later Stage VC,$2.86,,,,,2.10x,Information Technology,Software,Network Management Software,"SaaS, TMT, CloudTech & DevOps",Newburyport,Massachusetts,United States
168593-14,10/31/19,$5.10,,$5.10,Merger/Acquisition,Seed Round,$6.95,$4.10,59%,$4.10,59%,0.73x,Information Technology,Software,Software Development Applications,"SaaS, CloudTech & DevOps",Seattle,Washington,United States
53458-66,5/22/17,,,,Merger/Acquisition,Series A,$17.39,$14.99,86%,$14.99,86%,,Information Technology,Software,Business/Productivity Software,"SaaS, TMT, CloudTech & DevOps",Las Vegas,Nevada,United States
101575-09,5/27/18,,,,Merger/Acquisition,Series A,$2.00,$2.00,100%,$2.00,100%,,Information Technology,Software,Software Development Applications,"TMT, Internet of Things, CloudTech & DevOps",Chino,California,United States
55186-03,1/1/18,,,,Merger/Acquisition,Later Stage VC,$43.42,$43.42,100%,$43.42,100%,,Information Technology,Software,Business/Productivity Software,"TMT, CloudTech & DevOps, SaaS",Portland,Oregon,United States
131163-49,3/29/18,,,,Merger/Acquisition,Later Stage VC,$0.92,$0.50,55%,$0.50,55%,,Information Technology,Software,Network Management Software,"SaaS, TMT, CloudTech & DevOps",Belfast,Northern Ireland,United Kingdom
54703-63,9/16/20,"$3,549.71","$3,549.71","$3,901.71",IPO,Later Stage VC,$228.00,,,,,,Information Technology,Software,Software Development Applications,"SaaS, CloudTech & DevOps, Cybersecurity",Sunnyvale,California,United States
45352-63,6/24/16,$170.00,,$170.00,Merger/Acquisition,Series F,$124.22,$124.22,100%,$124.22,100%,,Information Technology,IT Services,Systems and Information Management,"Mobile, TMT, CloudTech & DevOps",San Francisco,California,United States
233778-25,3/17/20,,,,Merger/Acquisition,Early Stage VC,$1.50,,,,,,Information Technology,Software,Communication Software,"Artificial Intelligence & Machine Learning, Mobile, CloudTech & DevOps",Brooklyn,New York,United States
55332-46,11/16/17,,,,Merger/Acquisition,Series C,$37.94,$35.27,93%,$35.27,93%,,Information Technology,Software,Entertainment Software,"Mobile, Gaming, TMT, CloudTech & DevOps",San Francisco,California,United States
434400-85,8/11/17,,,$0.58,IPO,Later Stage VC,$0.43,,,,,,Information Technology,Software,Database Software,"Cybersecurity, CloudTech & DevOps, TMT",Xiamen,,China
61731-55,2/15/16,,,,Merger/Acquisition,Seed Round,$5.00,,,,,,Information Technology,Software,Other Software,"TMT, CloudTech & DevOps",San Francisco,California,United States
58466-89,5/8/20,"$2,979.49","$2,979.49","$3,489.49",IPO,Series D1,$984.61,,,,,3.03x,Information Technology,Software,Database Software,"Artificial Intelligence & Machine Learning, Big Data, Cybersecurity, CloudTech & DevOps",Beijing,,China
52523-02,6/28/17,$49.20,,$49.20,Merger/Acquisition,Series B,$17.89,$15.87,89%,$15.87,89%,,Information Technology,Software,Software Development Applications,"SaaS, Mobile, TMT, CloudTech & DevOps",Boston,Massachusetts,United States
104629-42,3/28/17,,,,Merger/Acquisition,Seed Round,$0.40,,,,,,Business Products and Services (B2B),Commercial Services,Printing Services (B2B),"Mobile, E-Commerce, TMT, Industrials, CloudTech & DevOps",Uxbridge,England,United Kingdom
65489-05,10/8/15,$15.50,,$15.50,Merger/Acquisition,Seed Round,$1.00,,,,,15.50x,Business Products and Services (B2B),Commercial Services,Media and Information Services (B2B),"Mobile, AdTech, TMT, CloudTech & DevOps",Burbank,California,United States
54054-10,4/23/18,,,,Merger/Acquisition,Series B,$19.25,$17.25,90%,$17.25,90%,,Information Technology,Software,Operating Systems Software,"SaaS, TMT, CloudTech & DevOps",San Francisco,California,United States
51495-58,9/20/19,$559.00,,$559.00,Merger/Acquisition,Later Stage VC,$167.34,$112.53,67%,$112.53,67%,3.34x,Information Technology,Software,Software Development Applications,"SaaS, TMT, Mobile, CloudTech & DevOps",Austin,Texas,United States
118165-51,10/20/16,,,,Merger of Equals,Early Stage VC,,,,,,,Information Technology,Software,Software Development Applications,"SaaS, Mobile, TMT, CloudTech & DevOps",Chicago,Illinois,United States
56286-10,2/18/16,,,,Merger/Acquisition,Early Stage VC,$9.86,,,,,,Information Technology,Software,Application Software,"SaaS, Mobile, TMT, CloudTech & DevOps",Burlington,Massachusetts,United States
56064-97,7/24/18,,,,Merger/Acquisition,Early Stage VC,$0.40,$0.40,100%,$0.40,100%,,Information Technology,Software,Business/Productivity Software,"TMT, CloudTech & DevOps",Bridgend,Wales,United Kingdom
58566-79,7/27/16,,,,Merger/Acquisition,Seed Round,$2.20,,,,,,Information Technology,Software,Software Development Applications,"SaaS, Mobile, TMT, CloudTech & DevOps",San Francisco,California,United States
59062-24,12/11/17,,,,Buyout/LBO,Series C1,$30.50,$24.70,81%,$24.70,81%,,Information Technology,Software,Business/Productivity Software,"SaaS, TMT, CloudTech & DevOps",Franklin,Tennessee,United States
223011-55,12/14/17,,,,Merger/Acquisition,Series A,$1.33,$1.90,142%,$1.90,142%,,Information Technology,Software,Business/Productivity Software,"TMT, Big Data, SaaS, CloudTech & DevOps",London,England,United Kingdom
53484-04,5/10/19,$407.43,$407.43,$487.11,IPO,Series D,$121.03,$117.19,97%,$117.19,97%,3.37x,Information Technology,Software,Application Software,"Mobile, TMT, Internet of Things, LOHAS & Wellness, CloudTech & DevOps",San Francisco,California,United States
227459-26,6/5/17,$393.19,,$393.19,Merger/Acquisition,Series B,$0.16,,,,,,Information Technology,Software,Software Development Applications,"Mobile, TMT, CloudTech & DevOps",Chengdu,,China
52508-26,3/25/19,,,,Merger/Acquisition,Series D,$15.77,$8.00,51%,$8.00,51%,,Information Technology,Software,Network Management Software,"SaaS, TMT, CloudTech & DevOps",Ponte Vedra Beach,Florida,United States
168552-55,2/6/20,$58.40,,$58.40,Merger/Acquisition,Series B,$16.00,,,,,3.65x,Information Technology,Software,Business/Productivity Software,"SaaS, Artificial Intelligence & Machine Learning, CloudTech & DevOps",San Francisco,California,United States
225961-48,2/27/18,$23.32,,$23.32,Buyout/LBO,Early Stage VC,$13.08,,,,,,Information Technology,Software,Application Software,"TMT, Industrials, Mobility Tech, CloudTech & DevOps",Seongnam-si,,South Korea
112129-93,12/11/17,,,,Merger/Acquisition,Later Stage VC,,,,,,,Information Technology,Software,Multimedia and Design Software,"AdTech, Marketing Tech, TMT, CloudTech & DevOps",Rotterdam,,Netherlands
64423-90,3/16/17,,,,Merger/Acquisition,Corporate,$1.28,,,,,,Information Technology,Software,Software Development Applications,"SaaS, TMT, CloudTech & DevOps",San Francisco,California,United States
168063-22,7/23/19,,,,Merger/Acquisition,Early Stage VC,$8.35,$2.50,30%,$2.50,30%,,Business Products and Services (B2B),Commercial Services,Other Commercial Services,"TMT, Mobility Tech, CloudTech & DevOps",San Francisco,California,United States
52711-39,8/5/19,,,,Merger/Acquisition,Series E,$327.58,$224.64,69%,$224.64,69%,,Information Technology,Software,Business/Productivity Software,"Big Data, SaaS, TMT, CloudTech & DevOps",Santa Clara,California,United States
51694-93,8/4/17,$18.31,,$18.31,Merger/Acquisition,Early Stage VC,$4.29,,,,,4.27x,Information Technology,Software,Business/Productivity Software,"TMT, CloudTech & DevOps",Bedford,England,United Kingdom
58315-24,1/1/15,,,,Merger/Acquisition,Early Stage VC,,,,,,,Information Technology,Software,Financial Software,"TMT, CloudTech & DevOps",Freital,,Germany
53309-80,10/1/18,$600.36,,$600.36,Merger/Acquisition,Series B,$38.00,,,,,,Information Technology,Software,Software Development Applications,"Mobile, TMT, CloudTech & DevOps",Boston,Massachusetts,United States
51303-79,12/15/17,,,,Buyout/LBO,Later Stage VC,$12.11,$11.31,93%,$11.31,93%,,Information Technology,Software,Business/Productivity Software,"SaaS, TMT, CloudTech & DevOps",Denver,Colorado,United States
179881-66,5/7/19,$120.00,,$120.00,Merger/Acquisition,Series A,$10.00,,,,,12.00x,Information Technology,Software,Network Management Software,"SaaS, Cybersecurity, TMT, CloudTech & DevOps",Tel Aviv,,Israel
53882-38,8/28/15,$249.31,$249.31,$329.57,IPO,Series C,$52.21,,,,,4.77x,Financial Services,Other Financial Services,Other Financial Services,"SaaS, Mobile, TMT, CloudTech & DevOps, Big Data, Artificial Intelligence & Machine Learning",Tokyo,,Japan
54872-02,10/2/19,,,,Merger/Acquisition,Series C,$53.20,$53.20,100%,$53.20,100%,,Information Technology,Software,Software Development Applications,"TMT, CloudTech & DevOps",San Francisco,California,United States
437454-64,6/19/15,,,,IPO,Series A,$3.68,,,,,,Information Technology,Software,Business/Productivity Software,"SaaS, CloudTech & DevOps",Shenzhen,,China
86688-01,5/18/16,,,,Merger/Acquisition,Early Stage VC,$2.73,,,,,,Information Technology,Software,Network Management Software,"SaaS, Cybersecurity, TMT, CloudTech & DevOps",Paris,,France
155504-08,11/18/19,,,,Merger/Acquisition,Later Stage VC,$0.22,$0.22,100%,$0.22,100%,,Business Products and Services (B2B),Commercial Services,Media and Information Services (B2B),"Mobile, TMT, CloudTech & DevOps",Manchester,England,United Kingdom
91785-34,6/29/16,,,,Merger/Acquisition,Early Stage VC,$0.18,,,,,,Information Technology,Software,Software Development Applications,"SaaS, Mobile, TMT, CloudTech & DevOps",Atlanta,Georgia,United States
55264-60,10/27/15,,,,Merger/Acquisition,Early Stage VC,,,,,,,Information Technology,Software,Application Software,"Mobile, TMT, CloudTech & DevOps",Palo Alto,California,United States
60647-14,8/5/15,$33.10,,$33.10,Merger/Acquisition,Later Stage VC,$6.23,,,,,5.32x,Information Technology,Software,Application Software,"SaaS, TMT, CloudTech & DevOps",Vancouver,British Columbia,Canada
51351-85,10/19/17,$983.24,$983.24,"$1,175.24",IPO,Series F,$311.54,$231.54,74%,$231.54,74%,3.16x,Information Technology,Software,Database Software,"TMT, Big Data, CloudTech & DevOps",New York,New York,United States
99560-08,10/10/17,,,,Merger/Acquisition,Early Stage VC,,,,,,,Information Technology,Software,Software Development Applications,"Mobile, TMT, CloudTech & DevOps",Dresden,,Germany
54213-31,4/15/20,,,,Merger/Acquisition,Early Stage VC,,,,,,,Information Technology,IT Services,Systems and Information Management,"SaaS, CloudTech & DevOps",Irving,Texas,United States
98130-97,3/13/17,,,,Merger/Acquisition,Early Stage VC,$2.50,,,,,,Information Technology,Software,Business/Productivity Software,"Mobile, TMT, CloudTech & DevOps",Oslo,,Norway
61972-93,9/1/17,,,,Merger/Acquisition,Early Stage VC,$1.88,,,,,,Information Technology,Software,Business/Productivity Software,"SaaS, CloudTech & DevOps",Pleasanton,California,United States
12025-63,1/24/20,,,,Buyout/LBO,Later Stage VC,$103.66,,,,,,Business Products and Services (B2B),Commercial Services,Education and Training Services (B2B),"EdTech, TMT, CloudTech & DevOps",Burlington,Massachusetts,United States
222479-83,4/4/19,,,,Merger/Acquisition,Early Stage VC,$0.60,,,,,,Information Technology,Software,Software Development Applications,"TMT, CloudTech & DevOps",Lehi,Utah,United States
92044-90,3/22/18,$70.00,,$70.00,Merger/Acquisition,Series A,$5.72,$5.50,96%,$5.50,96%,12.25x,Information Technology,Software,Business/Productivity Software,"SaaS, TMT, CloudTech & DevOps",San Francisco,California,United States
107592-04,3/7/19,,,,Merger/Acquisition,Seed Round,,,,,,,Information Technology,Software,Application Software,"Mobile, Cybersecurity, TMT, CloudTech & DevOps",New York,New York,United States
54173-35,12/11/19,$146.08,$146.08,$221.11,IPO,Series C,$37.50,,,,,3.90x,Information Technology,Software,Multimedia and Design Software,"SaaS, TMT, CloudTech & DevOps",San Francisco,California,United States
90630-55,4/15/16,,,,Merger/Acquisition,Seed Round,$8.50,,,,,,Information Technology,Software,Network Management Software,"SaaS, TMT, CloudTech & DevOps",San Francisco,California,United States
98209-72,10/15/19,,,,Merger/Acquisition,Series B,$33.65,$33.65,100%,$33.65,100%,,Information Technology,Software,Business/Productivity Software,"Cybersecurity, TMT, CloudTech & DevOps",San Francisco,California,United States
61062-76,11/11/16,,,,Merger/Acquisition,Later Stage VC,,,,,,,Information Technology,Software,Other Software,"SaaS, Mobile, TMT, CloudTech & DevOps",Helsinki,,Finland
56848-96,6/20/16,$16.87,,$33.74,Investor Buyout by Management,Series B,$18.80,,,,,,Information Technology,Software,Automation/Workflow Software,"TMT, CloudTech & DevOps",Tallinn,,Estonia
61449-58,4/15/20,,,,Merger/Acquisition,Early Stage VC,$18.60,$18.60,100%,$18.60,100%,,Information Technology,IT Services,IT Consulting and Outsourcing,"SaaS, CloudTech & DevOps",Oakland,California,United States
102635-02,7/4/17,,,,Merger/Acquisition,Seed Round,,,,,,,Information Technology,IT Services,Systems and Information Management,"SaaS, CloudTech & DevOps",Sao Paulo,,Brazil
52109-11,9/30/16,"$1,958.45","$1,958.45","$2,196.37",IPO,Later Stage VC,$324.03,$317.52,98%,$317.52,98%,,Information Technology,Software,Business/Productivity Software,"SaaS, TMT, CloudTech & DevOps",San Jose,California,United States
52607-08,10/1/19,,,,Reverse Merger,Series E,$113.12,$74.52,66%,$74.52,66%,,Information Technology,Communications and Networking,Other Communications and Networking,"SaaS, TMT, CloudTech & DevOps",Los Angeles,California,United States
234364-87,5/27/20,,,,Merger/Acquisition,Series A,$9.00,$9.00,100%,$9.00,100%,,Information Technology,Software,Network Management Software,"Cybersecurity, CloudTech & DevOps, TMT, SaaS",Sunnyvale,California,United States
62772-94,1/7/19,$292.40,,$292.40,Merger/Acquisition,Later Stage VC,,,,,,,Business Products and Services (B2B),Commercial Services,Other Commercial Services,"TMT, Big Data, Artificial Intelligence & Machine Learning, CloudTech & DevOps",Chantilly,Virginia,United States
287375-68,9/13/19,$52.50,,$52.50,Merger/Acquisition,Early Stage VC,,,,,,,Information Technology,Software,Automation/Workflow Software,"SaaS, CloudTech & DevOps",Redwood City,California,United States
171596-08,7/24/20,,,,Buyout/LBO,Early Stage VC,$5.21,,,,,,Information Technology,IT Services,Systems and Information Management,"SaaS, Big Data, Internet of Things, Artificial Intelligence & Machine Learning, TMT, CloudTech & DevOps",Lille,,France
52784-02,4/12/16,$52.30,,$52.30,Merger/Acquisition,Later Stage VC,$24.66,$24.66,100%,$24.66,100%,,Information Technology,Software,Automation/Workflow Software,"SaaS, TMT, CloudTech & DevOps",Alpharetta,Georgia,United States
61692-94,7/22/16,,,,Merger/Acquisition,Later Stage VC,$1.11,,,,,,Information Technology,Software,Software Development Applications,"SaaS, CloudTech & DevOps",Berlin,,Germany
99410-14,2/8/17,,,,Merger/Acquisition,Series A,$11.06,$11.06,100%,$11.06,100%,,Information Technology,Software,Software Development Applications,"SaaS, TMT, CloudTech & DevOps",Sunnyvale,California,United States
90859-42,10/1/18,$295.00,,$295.00,Merger/Acquisition,Series A,$10.00,$10.00,100%,$10.00,100%,29.50x,Information Technology,Software,Application Software,"SaaS, CloudTech & DevOps",Boston,Massachusetts,United States
127714-51,11/13/15,,,$11.81,IPO,Series A,$1.96,,,,,,Information Technology,Software,Business/Productivity Software,"SaaS, CloudTech & DevOps",Wuhan,,China
86093-74,3/1/19,,,,Merger/Acquisition,Series A,$5.78,,,,,,Information Technology,Software,Business/Productivity Software,"SaaS, TMT, CloudTech & DevOps",San Francisco,California,United States
234530-74,3/22/20,$2.50,,$2.50,Merger/Acquisition,Seed Round,$3.50,,,,,0.71x,Information Technology,Software,Software Development Applications,"SaaS, CloudTech & DevOps",Herzliya,,Israel
53597-98,4/11/19,"$1,562.67","$1,562.67","$1,766.67",IPO,Series D,$173.70,$171.68,99%,$171.68,99%,9.00x,Information Technology,Software,Business/Productivity Software,"Mobile, TMT, CloudTech & DevOps",San Francisco,California,United States
53288-11,10/27/16,,,,Buyout/LBO,Later Stage VC,$19.02,$18.61,98%,$18.61,98%,,Information Technology,Software,Network Management Software,"TMT, CloudTech & DevOps",San Francisco,California,United States
61586-11,9/18/16,,,,Merger/Acquisition,Series B,$24.85,$24.85,100%,$24.85,100%,,Information Technology,Software,Network Management Software,"SaaS, Cybersecurity, Big Data, TMT, CloudTech & DevOps",Santa Clara,California,United States
164408-86,5/10/19,,,,Merger/Acquisition,Early Stage VC,$1.95,$1.65,85%,$1.65,85%,,Information Technology,Software,Automation/Workflow Software,"SaaS, TMT, CloudTech & DevOps",Lansdowne,Virginia,United States
100529-11,3/28/18,,,,Merger/Acquisition,Series A,$4.45,$2.25,51%,$2.25,51%,,Information Technology,Software,Software Development Applications,"SaaS, Mobile, TMT, CloudTech & DevOps",Palo Alto,California,United States
168350-14,8/6/19,,,,Buyout/LBO,Early Stage VC,,,,,,,Information Technology,Software,Business/Productivity Software,"SaaS, TMT, CloudTech & DevOps",Kraków,,Poland
97682-68,11/1/17,,,,Merger/Acquisition,Series A1,$8.85,$4.35,49%,$4.35,49%,,Information Technology,Software,Business/Productivity Software,"SaaS, Big Data, Artificial Intelligence & Machine Learning, TMT, CloudTech & DevOps",San Jose,California,United States
90991-36,5/14/20,$381.27,$381.27,$612.16,IPO,Angel (individual),$30.00,,,,,12.71x,Information Technology,Software,Communication Software,TMT,Oslo,,Norway
52368-58,6/12/15,,,,Merger/Acquisition,Series B1,$19.40,$18.90,97%,$18.90,97%,,Information Technology,Software,Business/Productivity Software,"SaaS, TMT, CloudTech & DevOps",San Francisco,California,United States
57184-93,1/1/16,"$6,000.00",,"$6,000.00",Merger/Acquisition,Series C,$105.11,$357.61,340%,$357.61,340%,57.08x,Information Technology,Software,Software Development Applications,"SaaS, TMT, CloudTech & DevOps",San Francisco,California,United States
57739-60,7/21/15,,,,Merger/Acquisition,Series A,$3.86,$3.80,98%,$3.80,98%,,Information Technology,Software,Application Software,"SaaS, Mobile, TMT, CloudTech & DevOps",Palo Alto,California,United States
57085-93,8/19/20,,,,Merger/Acquisition,Early Stage VC,,,,,,,Information Technology,Software,Business/Productivity Software,"TMT, CloudTech & DevOps, SaaS",Valladolid,,Spain
54815-77,12/18/18,,,,Merger/Acquisition,Later Stage VC,$54.39,$42.44,78%,$43.79,81%,,Healthcare,Healthcare Technology Systems,Enterprise Systems (Healthcare),"SaaS, HealthTech, Digital Health, TMT, CloudTech & DevOps",San Mateo,California,United States
431355-88,12/13/17,,,,IPO,Series B,,,,,,,Information Technology,Software,Business/Productivity Software,CloudTech & DevOps,Guangzhou,,China
56391-04,4/2/19,$34.53,$34.53,$43.28,IPO,Early Stage VC,,,,,,,Information Technology,Software,Business/Productivity Software,"TMT, SaaS, CloudTech & DevOps",Zhuhai City,,China
63177-31,5/13/19,,,,Merger/Acquisition,Early Stage VC,$14.31,$6.41,45%,$6.41,45%,,Information Technology,Software,Software Development Applications,"Mobile, TMT, CloudTech & DevOps",San Francisco,California,United States
57059-20,8/9/18,$140.00,,$140.00,Merger/Acquisition,Series B,$24.18,$23.48,97%,$23.48,97%,,Information Technology,Software,Network Management Software,"Cybersecurity, SaaS, TMT, CloudTech & DevOps",Los Angeles,California,United States
161197-93,12/2/19,$40.00,,$40.00,Merger/Acquisition,Series A1,$4.00,$4.00,100%,$4.00,100%,10.00x,Information Technology,Software,Network Management Software,"Cybersecurity, Artificial Intelligence & Machine Learning, TMT, CloudTech & DevOps",Baltimore,Maryland,United States
179911-45,5/28/19,$36.80,,$36.80,Merger/Acquisition,Series A,$10.00,,,,,3.68x,Information Technology,Software,Network Management Software,"SaaS, Cybersecurity, TMT, CloudTech & DevOps",Tel Aviv,,Israel
89148-61,6/25/18,,,,Merger/Acquisition,Series C,$47.54,$47.54,100%,$47.54,100%,,Information Technology,Software,Software Development Applications,"TMT, CloudTech & DevOps",Atlanta,Georgia,United States
58219-39,8/8/16,$750.00,,,Merger/Acquisition,Series B,$46.00,$46.00,100%,$46.00,100%,16.30x,Information Technology,Software,Automation/Workflow Software,"SaaS, Mobile, TMT, CloudTech & DevOps",San Francisco,California,United States
60114-79,11/11/16,,,,Merger/Acquisition,Early Stage VC,,,,,,,Information Technology,Software,Network Management Software,"Mobile, TMT, CloudTech & DevOps",Dresden,,Germany
98865-82,3/21/18,,,,Merger/Acquisition,,,,,,,,Information Technology,Software,Software Development Applications,"Mobile, SaaS, TMT, Industrials, CloudTech & DevOps",Singapore,,Singapore
129564-73,10/23/17,,,,Buyout/LBO,,,,,,,,Information Technology,Software,Software Development Applications,"Artificial Intelligence & Machine Learning, TMT, CloudTech & DevOps",Graz,,Austria
92376-28,4/17/20,,,,Merger/Acquisition,Series A,$11.70,$11.70,100%,$11.70,100%,,Information Technology,Software,Software Development Applications,"SaaS, E-Commerce, TMT, CloudTech & DevOps",Santa Monica,California,United States
436124-53,6/2/20,,,,Merger/Acquisition,Seed Round,$4.71,,,,,,Information Technology,IT Services,Systems and Information Management,"Mobile, CloudTech & DevOps, TMT",Changsha,,China
161564-32,10/12/18,$158.20,,$158.20,Merger/Acquisition,Series A,$11.25,$11.25,100%,$11.25,100%,14.06x,Information Technology,Software,Network Management Software,"SaaS, Cybersecurity, CloudTech & DevOps",Menlo Park,California,United States
110120-32,3/16/15,,,,Merger/Acquisition,Seed Round,$0.55,,,,,,Information Technology,Software,Application Software,"SaaS, Mobile, TMT, CloudTech & DevOps",Bridgnorth,England,United Kingdom
60290-20,11/9/17,$9.00,,$9.00,Merger/Acquisition,Later Stage VC,$5.25,,,,,1.71x,Information Technology,Software,Software Development Applications,"SaaS, Mobile, Internet of Things, TMT, CloudTech & DevOps",San Mateo,California,United States
51269-32,4/18/16,,,,Merger/Acquisition,Series B,$10.65,$10.65,100%,$10.65,100%,,Information Technology,Software,Business/Productivity Software,"Mobile, Internet of Things, E-Commerce, Marketing Tech, Mobile Commerce, TMT, CloudTech & DevOps",Redwood City,California,United States
51021-10,9/26/18,,,,Buyout/LBO,Series E,$58.10,$58.81,101%,$58.81,101%,,Information Technology,Software,Automation/Workflow Software,"SaaS, TMT, CloudTech & DevOps",Santa Barbara,California,United States
61946-20,5/16/19,,,,Buyout/LBO,Early Stage VC,$3.00,,,,,,Information Technology,Software,Software Development Applications,"SaaS, Mobile, TMT, CloudTech & DevOps",San Francisco,California,United States
123618-52,4/11/16,,,,Merger/Acquisition,Angel (individual),$0.38,,,,,,Information Technology,Software,Software Development Applications,"Mobile, TMT, Industrials, CloudTech & DevOps",Brussels,,Belgium
57097-00,9/28/17,,,,Merger/Acquisition,Series A,$7.10,$6.00,85%,$6.00,85%,,Information Technology,Software,Software Development Applications,"TMT, SaaS, CloudTech & DevOps",San Francisco,California,United States
171459-82,4/16/18,,,,Merger/Acquisition,Seed Round,$1.50,$1.50,100%,$1.50,100%,,Information Technology,Software,Application Software,"Mobile, TMT, CloudTech & DevOps",New York,New York,United States
61050-79,9/18/19,$410.00,,$410.00,Merger/Acquisition,Series B,$32.75,$32.75,100%,$32.75,100%,12.52x,Information Technology,Software,Business/Productivity Software,"SaaS, TMT, CloudTech & DevOps",San Francisco,California,United States
43113-70,11/1/17,,,,Buyout/LBO,Series B,$29.53,,,,,,Information Technology,Software,Application Software,"SaaS, Mobile, TMT, CloudTech & DevOps",Redwood City,California,United States
228932-11,1/4/19,,,,Merger/Acquisition,Early Stage VC,,,,,,,Information Technology,Software,Software Development Applications,"SaaS, Internet of Things, Artificial Intelligence & Machine Learning, TMT, CloudTech & DevOps",Beaverton,Oregon,United States
105742-81,4/30/15,$8.29,,$8.29,Merger/Acquisition,Early Stage VC,,,,,,,Information Technology,Software,Application Software,"SaaS, Big Data, TMT, CloudTech & DevOps",Budapest,,Hungary
89968-24,3/19/15,$21.69,$21.69,$22.37,IPO,Later Stage VC,,,,,,,Information Technology,Software,Internet Software,"Marketing Tech, TMT, CloudTech & DevOps",Tokyo,,Japan
62185-78,10/3/17,,,,Merger/Acquisition,Early Stage VC,,,,,,,Information Technology,Software,Business/Productivity Software,"SaaS, AdTech, Marketing Tech, TMT, CloudTech & DevOps",Miami,Florida,United States
56512-63,10/1/19,$961.40,,$961.40,Merger/Acquisition,Series E,$178.50,$178.50,100%,$178.50,100%,5.39x,Information Technology,Software,Business/Productivity Software,"SaaS, TMT, Artificial Intelligence & Machine Learning, CloudTech & DevOps",San Mateo,California,United States
54327-52,2/28/18,$132.00,,$132.00,Merger/Acquisition,Later Stage VC,$27.50,,,,,4.80x,Information Technology,IT Services,Systems and Information Management,"SaaS, TMT, CloudTech & DevOps",Chicago,Illinois,United States
181630-09,8/5/20,,,,Merger/Acquisition,Seed Round,$0.55,,,,,,Business Products and Services (B2B),Commercial Services,Human Capital Services,"TMT, HR Tech, CloudTech & DevOps",Boston,Massachusetts,United States
90135-91,4/16/19,$67.50,,,Buyout/LBO,Series B,$30.00,$30.00,100%,$30.00,100%,,Information Technology,Software,Software Development Applications,"TMT, Mobile, Big Data, CloudTech & DevOps",Chattanooga,Tennessee,United States
51777-73,6/19/19,"$23,250.00","$23,250.00","$23,250.00",IPO,Later Stage VC,"$1,227.69","$1,219.46",99%,"$1,226.19",100%,,Information Technology,Software,Communication Software,"SaaS, TMT, CloudTech & DevOps",San Francisco,California,United States
12656-44,4/27/18,"$1,333.43","$1,333.43","$1,483.43",IPO,Series F,$120.91,$94.91,78%,$120.91,100%,11.03x,Information Technology,Software,Automation/Workflow Software,"SaaS, TMT, CloudTech & DevOps",Bellevue,Washington,United States
90187-48,3/27/15,$32.64,$32.64,$36.17,IPO,Later Stage VC,$1.34,,,,,,Information Technology,Software,Entertainment Software,"TMT, CloudTech & DevOps",Tokyo,,Japan
61489-18,9/16/20,"$29,843.40","$29,843.40","$33,203.40",IPO,Series G,"$1,401.76","$1,401.76",100%,"$1,401.76",100%,21.29x,Information Technology,Software,Database Software,"SaaS, Big Data, TMT, CloudTech & DevOps",San Mateo,California,United States
52979-41,4/6/17,$199.28,,$199.28,Merger/Acquisition,Later Stage VC,$78.67,$71.92,91%,$71.92,91%,2.53x,Information Technology,Software,Software Development Applications,"SaaS, Mobile, TMT, CloudTech & DevOps",Mountain View,California,United States
48122-38,2/2/16,$850.00,,$850.00,Merger/Acquisition,Series D,$150.04,$149.01,99%,$149.01,99%,5.67x,Information Technology,Computer Hardware,Storage (IT),"SaaS, TMT, CloudTech & DevOps",Boulder,Colorado,United States
102863-35,11/20/17,,,,Merger/Acquisition,Early Stage VC,$1.12,,,,,,Information Technology,Software,Software Development Applications,"TMT, CloudTech & DevOps",Chepstow,Wales,United Kingdom
52840-54,12/19/19,$145.00,,,Buyout/LBO,Series E,$157.17,$115.57,74%,$127.17,81%,,Information Technology,Software,Software Development Applications,"SaaS, CloudTech & DevOps, Supply Chain Tech",Fulton,Maryland,United States
51377-05,11/8/17,$59.59,,$59.59,Merger/Acquisition,Series C,$37.66,$29.66,79%,$29.66,79%,1.58x,Information Technology,Software,Business/Productivity Software,"SaaS, TMT, CloudTech & DevOps",Waltham,Massachusetts,United States
54239-59,10/8/19,,,,Merger/Acquisition,Series A1,$2.52,,,,,,Information Technology,Software,Software Development Applications,"Mobile, TMT, CloudTech & DevOps",Austin,Texas,United States
55400-14,5/9/17,,,,Buyout/LBO,Later Stage VC,$4.58,,,,,,Information Technology,Software,Database Software,"TMT, CloudTech & DevOps",Melbourne,Victoria,Australia
63771-76,4/14/15,,,,Merger/Acquisition,Seed Round,$0.15,,,,,,Business Products and Services (B2B),Commercial Services,Media and Information Services (B2B),"Mobile, TMT, CloudTech & DevOps",New York,New York,United States
96748-84,5/12/15,,,,Merger/Acquisition,Early Stage VC,,,,,,,Information Technology,Software,Application Software,"Mobile, TMT, CloudTech & DevOps",Helsinki,,Finland
155205-46,7/13/20,$450.00,,$450.00,Merger/Acquisition,Series B,$52.60,,,,,8.56x,Information Technology,IT Services,Systems and Information Management,"SaaS, TMT, CloudTech & DevOps",San Francisco,California,United States
54388-18,7/13/17,,,,Merger/Acquisition,Series B,$13.83,$6.30,46%,$6.30,46%,,Information Technology,Software,Automation/Workflow Software,"SaaS, Big Data, TMT, CloudTech & DevOps",Solana Beach,California,United States
62873-83,3/28/16,,,,Merger/Acquisition,Series 1,$2.38,$2.38,100%,$2.38,100%,,Information Technology,Software,Automation/Workflow Software,"SaaS, Big Data, TMT, CloudTech & DevOps",Palo Alto,California,United States
120207-16,9/12/17,,,,Merger/Acquisition,Seed Round,$2.00,,,,,,Information Technology,Software,Business/Productivity Software,"SaaS, TMT, CloudTech & DevOps",San Francisco,California,United States
56616-76,3/21/19,$5.66,,$5.66,Merger/Acquisition,Early Stage VC,$0.26,,,,,,Information Technology,Software,Software Development Applications,"SaaS, TMT, CloudTech & DevOps",London,England,United Kingdom
57995-20,7/14/16,,,,Merger/Acquisition,Seed Round,$0.29,,,,,,Information Technology,IT Services,Other IT Services,"TMT, CloudTech & DevOps",San Francisco,California,United States
54073-18,2/1/17,$3.70,,$3.70,Merger/Acquisition,Series B,$24.70,$23.20,94%,$23.20,94%,0.15x,Information Technology,Software,Application Software,"SaaS, TMT, CloudTech & DevOps",San Mateo,California,United States
90334-54,3/1/17,,,,Merger/Acquisition,Series A,$5.81,$5.81,100%,$5.81,100%,,Information Technology,Software,Application Software,"SaaS, Mobile, TMT, CloudTech & DevOps",Seattle,Washington,United States
97165-81,2/1/18,$23.30,,$23.30,Merger/Acquisition,Series B2,$41.56,$41.56,100%,$41.56,100%,,Information Technology,Software,Application Software,"Mobile, TMT, Industrials, Mobility Tech, CloudTech & DevOps",San Francisco,California,United States
53750-53,9/17/20,"$1,845.58","$1,845.58","$2,171.18",IPO,Series G,$345.22,$345.22,100%,$345.22,100%,5.35x,Information Technology,Software,Business/Productivity Software,"SaaS, Big Data, Artificial Intelligence & Machine Learning, CloudTech & DevOps",Redwood City,California,United States
120678-94,10/15/18,$15.41,,$15.41,Merger/Acquisition,Series A,$9.40,$9.40,100%,$9.40,100%,1.64x,Information Technology,Software,Network Management Software,"SaaS, Cybersecurity, TMT, CloudTech & DevOps",San Francisco,California,United States
432886-78,6/4/20,,,,Merger/Acquisition,Series A,,,,,,,Information Technology,Software,Business/Productivity Software,"Internet of Things, Big Data, CloudTech & DevOps",Suzhou,,China
25041-52,8/17/15,,,,Merger/Acquisition,Later Stage VC,$45.78,,,,,,Information Technology,Software,Communication Software,"SaaS, TMT, CloudTech & DevOps",Frisco,Texas,United States
224243-74,1/12/18,,,,Buyout/LBO,Early Stage VC,,,,,,,Information Technology,Software,Business/Productivity Software,"TMT, Industrials, CloudTech & DevOps",Stockholm,,Sweden
264792-97,11/7/19,,,,Merger/Acquisition,Seed Round,$1.00,$1.00,100%,$1.00,100%,,Information Technology,Software,Network Management Software,"Cybersecurity, CloudTech & DevOps",Seattle,Washington,United States
109147-15,3/1/17,,,,Merger/Acquisition,Early Stage VC,$6.12,,,,,,Information Technology,Software,Communication Software,"SaaS, TMT, CloudTech & DevOps",San Francisco,California,United States
435420-19,12/1/17,$98.20,,,Merger/Acquisition,Early Stage VC,$6.28,,,,,,Information Technology,Software,Business/Productivity Software,"CloudTech & DevOps, Supply Chain Tech, TMT, E-Commerce",Hangzhou,,China
55423-36,4/30/15,$16.37,$16.37,$19.64,IPO,Later Stage VC,,,,,,,Information Technology,IT Services,IT Consulting and Outsourcing,"TMT, CloudTech & DevOps",Tokyo,,Japan
112002-31,10/1/17,,,,Merger/Acquisition,Early Stage VC,,,,,,,Information Technology,Software,Software Development Applications,"SaaS, Mobile, TMT, CloudTech & DevOps",Basel,,Switzerland
56886-67,4/30/19,$17.20,,$17.20,Merger/Acquisition,Series A,$6.70,,,,,2.57x,Information Technology,Software,Business/Productivity Software,"Mobile, TMT, SaaS, CloudTech & DevOps",Berlin,,Germany
55983-07,12/8/16,,,,Merger/Acquisition,Early Stage VC,$1.40,,,,,,Information Technology,Software,Application Software,"SaaS, Mobile, TMT, CloudTech & DevOps",Hennigsdorf,,Germany
89065-72,12/22/19,,,,Merger/Acquisition,Early Stage VC,,,,,,,Information Technology,Software,Software Development Applications,"SaaS, TMT, CloudTech & DevOps",Bangalore,,India
57553-12,8/7/20,,,,Merger/Acquisition,Series D,$110.78,$109.45,99%,$109.45,99%,,Information Technology,IT Services,Systems and Information Management,"SaaS, TMT, CloudTech & DevOps",San Francisco,California,United States
51350-05,6/30/17,$156.37,$156.37,$223.37,IPO,Series F,$259.38,$259.38,100%,$259.38,100%,0.60x,Information Technology,Software,Business/Productivity Software,"SaaS, TMT, CloudTech & DevOps",Santa Clara,California,United States
90916-39,12/5/16,,,,Merger/Acquisition,Early Stage VC,$0.01,,,,,,Information Technology,Software,Application Software,"Mobile, TMT, CloudTech & DevOps",Toronto,Ontario,Canada
61175-71,8/17/15,,,,Merger/Acquisition,Seed Round,$1.80,$1.80,100%,$1.80,100%,,Information Technology,Software,Automation/Workflow Software,"SaaS, TMT, CloudTech & DevOps",Menlo Park,California,United States
61205-50,9/25/15,,,,Merger/Acquisition,Early Stage VC,,,,,,,Business Products and Services (B2B),Commercial Services,Logistics,"TMT, Industrials, CloudTech & DevOps",Aartselaar,,Belgium
56967-94,2/3/17,$425.00,,$425.00,Merger/Acquisition,Series A,$10.34,$10.34,100%,$10.34,100%,41.10x,Information Technology,Software,Automation/Workflow Software,"TMT, CloudTech & DevOps",New York,New York,United States
58653-37,11/4/16,,,,Investor Buyout by Management,Series B,$9.00,,,,,,Information Technology,Software,Software Development Applications,"TMT, CloudTech & DevOps, SaaS",Vienna,,Austria
54480-79,10/12/17,,,,Merger/Acquisition,Series C,$0.68,,,,,,Information Technology,Software,Multimedia and Design Software,"TMT, CloudTech & DevOps",Chattanooga,Tennessee,United States
53350-57,8/18/15,$35.00,,$35.00,Merger/Acquisition,Series C,$41.00,$41.00,100%,$41.00,100%,0.85x,Information Technology,Software,Network Management Software,"SaaS, TMT, CloudTech & DevOps",Mountain View,California,United States
112835-62,7/9/19,$378.10,,$378.10,Merger/Acquisition,Series C,$62.50,,,,,6.05x,Information Technology,Software,Network Management Software,"SaaS, Cybersecurity, Artificial Intelligence & Machine Learning, TMT, CloudTech & DevOps",Portland,Oregon,United States
51156-64,9/18/20,"$12,395.10","$12,395.10","$13,695.10",IPO,Later Stage VC,$899.00,$893.50,99%,$893.50,99%,,Information Technology,Software,Entertainment Software,"Virtual Reality, Augmented Reality, Gaming, TMT, CloudTech & DevOps",San Francisco,California,United States
59989-69,6/9/20,,,,Buyout/LBO,Series A,$6.94,$6.71,97%,$6.71,97%,,Information Technology,Software,Multimedia and Design Software,"SaaS, TMT",Mountain View,California,United States
61123-96,6/20/19,,,,Merger/Acquisition,Series 2,$1.57,,,,,,Information Technology,Software,Business/Productivity Software,TMT,New York,New York,United States
55427-86,1/18/17,,,,Merger/Acquisition,Later Stage VC,,,,,,,Information Technology,Software,Business/Productivity Software,"TMT, CloudTech & DevOps",East Greenwich,Rhode Island,United States
52819-57,4/3/17,$614.00,,$614.00,Merger/Acquisition,Series F,$128.41,$108.90,85%,$108.90,85%,,Information Technology,Software,Software Development Applications,"SaaS, Mobile, Cybersecurity, TMT, CloudTech & DevOps",Burlington,Massachusetts,United States
124141-87,3/23/16,,,,Merger/Acquisition,Early Stage VC,,,,,,,Information Technology,Software,Application Software,"SaaS, Big Data, TMT, CloudTech & DevOps",Boston,Massachusetts,United States
53478-10,5/4/15,$5.85,,$5.85,Merger/Acquisition,Early Stage VC,$2.80,,,,,,Information Technology,Software,Multimedia and Design Software,"Mobile, 3D Printing, TMT, CloudTech & DevOps",Toronto,Ontario,Canada
339805-18,6/15/16,,,$0.23,IPO,Corporate,,,,,,,Information Technology,Software,Database Software,"Big Data, TMT, CloudTech & DevOps",Beijing,,China
55837-36,6/25/18,$112.30,,$112.30,Merger/Acquisition,Series B,$36.30,$21.50,59%,$21.50,59%,3.09x,Information Technology,Software,Business/Productivity Software,"SaaS, TMT, CloudTech & DevOps",Boulder,Colorado,United States
42855-04,5/14/19,$40.00,,$40.00,Merger/Acquisition,Series F,$183.19,$166.09,91%,$166.09,91%,0.22x,Information Technology,Software,Communication Software,"SaaS, TMT, CloudTech & DevOps",Hackensack,New Jersey,United States
53364-43,3/11/16,,,,Merger/Acquisition,Series D,$66.31,,,,,,Information Technology,Software,Social/Platform Software,"TMT, CloudTech & DevOps",San Jose,California,United States
53427-52,5/5/15,,,,Buyout/LBO,Early Stage VC,,,,,,,Information Technology,Software,Communication Software,"Life Sciences, TMT, CloudTech & DevOps",Salt Lake City,Utah,United States
54733-87,5/4/16,,,,Merger/Acquisition,Seed Round,$1.50,$1.50,100%,$1.50,100%,,Information Technology,Software,Multimedia and Design Software,"Mobile, TMT, CloudTech & DevOps",Palo Alto,California,United States
431327-53,8/8/16,,,,IPO,Later Stage VC,,,,,,,Information Technology,Software,Business/Productivity Software,"CloudTech & DevOps, TMT, Supply Chain Tech",Shanghai,,China
59986-36,7/6/16,$200.00,,$200.00,Merger/Acquisition,Series B,$120.00,,,,,,Information Technology,Software,Application Software,"Mobile, TMT, CloudTech & DevOps",Beijing,,China
54940-87,1/18/18,$152.53,$152.53,$203.38,IPO,Later Stage VC,$9.90,,,,,15.41x,Information Technology,Software,Application Software,"TMT, CloudTech & DevOps, SaaS",Shenzhen,,China
435103-84,9/15/17,$111.91,,,Merger/Acquisition,Later Stage VC,$7.71,,,,,14.51x,Information Technology,Software,Business/Productivity Software,CloudTech & DevOps,Dongguan,,China
56002-69,4/17/17,,,,Merger/Acquisition,Series A,$7.90,,,,,,Information Technology,Software,Automation/Workflow Software,"SaaS, TMT, Industrials, CloudTech & DevOps",Amsterdam,,Netherlands
102756-88,9/19/19,,,,Buyout/LBO,Early Stage VC,$10.00,,,,,,Information Technology,Software,Database Software,"Big Data, TMT, CloudTech & DevOps",Portland,Oregon,United States
56511-37,1/1/19,,,,Merger/Acquisition,Series C,$59.00,$60.05,102%,$60.05,102%,,Consumer Products and Services (B2C),Media,Social Content,"SaaS, Mobile, TMT, CloudTech & DevOps",Los Angeles,California,United States
56825-74,5/15/15,,,,Merger/Acquisition,Seed Round,$0.21,,,,,,Information Technology,Software,Application Software,"TMT, CloudTech & DevOps",San Francisco,California,United States
54633-88,11/29/18,$800.00,,,Buyout/LBO,Series B1,$36.00,$35.00,97%,$35.00,97%,22.22x,Information Technology,Software,Business/Productivity Software,"SaaS, CloudTech & DevOps",San Jose,California,United States
10613-26,11/16/16,,,,Merger/Acquisition,Series C,$29.87,$8.05,27%,$8.05,27%,,Information Technology,IT Services,Systems and Information Management,"TMT, CloudTech & DevOps",San Jose,California,United States
63688-87,1/21/20,,,,Buyout/LBO,Series B,$123.50,,,,,,Information Technology,Software,Business/Productivity Software,"TMT, CloudTech & DevOps",Burlington,Massachusetts,United States
103773-79,11/14/18,,,,Merger/Acquisition,Seed Round,$1.50,$1.50,100%,$1.50,100%,,Information Technology,Software,Software Development Applications,"TMT, CloudTech & DevOps",Austin,Texas,United States
56845-72,3/8/16,,,,Merger/Acquisition,Series A,$8.54,$7.19,84%,$7.19,84%,,Business Products and Services (B2B),Commercial Services,Media and Information Services (B2B),"SaaS, TMT, Industrials, CloudTech & DevOps",Mountain View,California,United States
435420-01,12/7/17,,,,Merger/Acquisition,Corporate,$6.22,,,,,,Information Technology,Software,Business/Productivity Software,CloudTech & DevOps,Shanghai,,China
13331-89,9/1/15,,,,Buyout/LBO,Series E1,$51.50,,,,,,Information Technology,Software,Software Development Applications,"TMT, CloudTech & DevOps",Cupertino,California,United States
53560-27,5/26/16,,,,Merger/Acquisition,Later Stage VC,$0.69,$0.37,53%,$0.37,53%,,Information Technology,Software,Application Software,"Mobile, TMT, CloudTech & DevOps",Denver,Colorado,United States
171924-04,9/21/17,,,$247.25,IPO,Corporate,$114.13,,,,,,Information Technology,Computer Hardware,"Computers, Parts and Peripherals","Manufacturing, TMT, CloudTech & DevOps",Beijing,,China
416669-23,12/17/19,,,,IPO,Later Stage VC,$13.50,,,,,,Information Technology,Software,Business/Productivity Software,"SaaS, CloudTech & DevOps",Hangzhou,,China
56017-63,4/18/19,"$8,873.17","$8,873.17","$9,229.98",IPO,Series D,$160.75,$160.50,100%,$160.50,100%,55.20x,Information Technology,Software,Communication Software,"SaaS, Mobile, TMT, CloudTech & DevOps",San Jose,California,United States
433831-87,9/28/20,$129.92,,,Buyout/LBO,Seed Round,$10.35,,,,,12.56x,Information Technology,Communications and Networking,Internet Service Providers,CloudTech & DevOps,Oxford,England,United Kingdom